passenger_id,dni,name,age,country
1, 348373603, Leticia, 65, Chile
2, 7988462, Ana, 72, México
3, 492894946, Amalia, 40, Perú
4, 236316467, Julio, 6, Chile
5, 527775223, Sonia, 80, Chile
6, 645466698, Diego, 21, Perú
7, 174853408, Estefanía, 80, Perú
8, 678380547, Oscar, 61, Perú
9, 167549110, Joaquín, 2, México
10, 643238510, Gustavo, 61, México
11, 967142004, Víctor, 73, Chile
12, 427038390, Christopher, 30, México
13, 374760700, Abril, 37, Perú
14, 563296634, Mateo, 27, Chile
15, 423445297, Laura, 74, Chile
16, 200905642, Nilda, 26, México
17, 809158891, René, 24, Chile
18, 253908833, José, 5, México
19, 436436409, Osvaldo, 28, México
20, 917532039, Ignacio, 78, Perú
21, 737112168, Andrea, 70, Perú
22, 313353817, Natalia, 4, Chile
23, 207053321, Daniella, 25, Chile
24, 481457272, Ana, 71, México
25, 863717797, Giselle, 52, Perú
26, 773764019, Antonia, 40, México
27, 926578568, Miguel, 5, México
28, 730560738, Javier, 56, México
29, 896046032, Diego, 49, Perú
30, 272872273, Celeste, 23, México
31, 343424165, Constanza, 27, México
32, 420965877, Amalia, 22, México
33, 143956247, Valentina, 54, Chile
34, 566062700, Gustavo, 11, México
35, 934735291, Consuelo, 31, Chile
36, 188967263, Lorena, 31, Chile
37, 641319464, Lucía, 28, Perú
38, 107965454, Luciana, 39, Perú
39, 979716489, Lucero, 70, México
40, 539399181, Samuel, 12, Chile
41, 968406193, Francisco, 53, Perú
42, 576330342, Christopher, 53, Perú
43, 444770924, Gabriel, 56, Chile
44, 268097386, Nélida, 76, Chile
45, 647635275, Marisol, 73, Chile
46, 720388762, Raúl, 70, Perú
47, 486792146, Ana, 64, México
48, 262424652, Antonia, 15, México
49, 210747500, Bruno, 37, Chile
50, 385050488, Roberto, 72, Chile
51, 679445242, Aldo, 69, México
52, 547818293, Leticia, 25, Perú
53, 248898785, Jorge, 46, México
54, 390759551, Arturo, 23, México
55, 152914379, Maritza, 69, Chile
56, 175958851, Graciela, 48, Perú
57, 689943623, Marjorie, 9, Perú
58, 16698286, Nicolás, 35, Perú
59, 962913276, Delia, 18, México
60, 680619409, Sofía, 28, México
61, 66386260, Olga, 32, Chile
62, 133177153, Vanessa, 31, Perú
63, 850187729, José, 72, México
64, 65331141, Susana, 10, Perú
65, 225839493, Monserrat, 71, Chile
66, 897674576, Marisol, 47, Chile
67, 777278671, Francisco, 30, Perú
68, 557932725, Tomás, 7, Perú
69, 746976269, Julio, 77, Perú
70, 938352615, Arturo, 34, Perú
71, 760744755, Nicolás, 32, Chile
72, 811487353, Marisol, 47, Chile
73, 874904884, Oliver, 69, Chile
74, 734821209, Ana, 36, México
75, 926376486, Antonio, 29, Perú
76, 645869777, Consuelo, 53, Perú
77, 561461878, Fermín, 27, Perú
78, 181426937, Julio, 48, México
79, 661517153, Marco, 18, Perú
80, 954731403, Nicolás, 33, Perú
81, 717995319, Micaela, 39, Perú
82, 702149417, Julio, 60, Chile
83, 257898025, Francisco, 34, Chile
84, 945931060, Mariana, 38, Perú
85, 589000509, Lucas, 33, Perú
86, 494551918, Marcos, 25, Chile
87, 177209759, Lorena, 74, México
88, 117827891, Raquel, 21, México
89, 24785979, Patricio, 41, Perú
90, 983834822, Marisol, 44, México
91, 466866813, Lucila, 19, México
92, 206706094, Fabiola, 26, Perú
93, 642182998, Isidora, 76, Chile
94, 978856785, Rafaela, 73, México
95, 715292935, Renata, 56, Chile
96, 298387004, Juan, 69, Chile
97, 602810040, Celeste, 64, Perú
98, 172426876, Abril, 28, Chile
99, 520425741, Yolanda, 19, Chile
100, 322326638, Maritza, 51, Chile
101, 217082303, Guillermo, 73, Perú
102, 786081285, Luz, 43, Chile
103, 667007280, Dante, 45, Chile
104, 501509835, Sergio, 57, Perú
105, 560528635, Tomás, 36, Perú
106, 13116070, Dante, 44, Perú
107, 446027459, Vanessa, 66, Chile
108, 391869305, Enzo, 38, México
109, 348128106, Octavio, 35, Chile
110, 261133065, Daniel, 20, Perú
111, 130069304, Romina, 50, México
112, 775203905, Guillermo, 79, Perú
113, 802367967, Marco, 48, Chile
114, 577597935, Melisa, 49, México
115, 887066881, Rosa, 40, México
116, 990806557, Oliver, 24, Perú
117, 931328840, Alejandro, 45, Chile
118, 547995929, Demetrio, 77, Chile
119, 642943844, Abril, 38, Perú
120, 379829811, José, 54, México
121, 176002133, Raúl, 80, Chile
122, 520943813, Karen, 34, Perú
123, 895770182, Alejandra, 54, Chile
124, 80430135, Aldo, 29, México
125, 876498664, Daniella, 21, Perú
126, 438091902, Edith, 29, Chile
127, 68096783, Ernesto, 26, Chile
128, 202105372, Carmen, 77, Perú
129, 488886910, Yolanda, 31, México
130, 580928099, Rafaela, 62, Chile
131, 107826693, Patricio, 23, México
132, 174527288, Pamela, 28, Perú
133, 61627287, Oscar, 22, Chile
134, 50097163, Leonardo, 47, Perú
135, 386386320, Francisco, 79, México
136, 634274174, Abril, 80, Chile
137, 41315274, Marlene, 41, México
138, 797841701, Lucero, 46, Perú
139, 714247267, Giselle, 55, Chile
140, 95167236, Consuelo, 23, México
141, 301975615, Miriam, 71, Perú
142, 617682991, Renata, 35, Perú
143, 506091067, Sofía, 38, Perú
144, 372916627, Maximiliana, 39, Chile
145, 814415768, Julio, 68, Perú
146, 447555986, Carmen, 54, Perú
147, 544533967, Fabiola, 72, Perú
148, 66250246, Mauricio, 27, Chile
149, 553962841, Gustavo, 55, Chile
150, 603552964, Ernesto, 37, Perú
151, 495092114, Óscar, 61, Perú
152, 968801352, Francisco, 51, Chile
153, 426259149, Dante, 21, México
154, 37459658, Rocío, 65, Perú
155, 776418510, Monserrat, 31, Chile
156, 957682604, Edith, 26, Chile
157, 389921563, Raquel, 60, México
158, 897875792, Maritza, 37, Perú
159, 573835727, Juan, 27, Chile
160, 548658569, Luciana, 33, Perú
161, 97568069, Isabella, 48, Perú
162, 924509499, Marisela, 47, México
163, 415938312, Germán, 53, Chile
164, 749627077, Pablo, 24, Chile
165, 988073823, Sonia, 61, México
166, 320263742, Marina, 35, México
167, 52491755, Ana, 53, Perú
168, 340427580, Ramiro, 55, México
169, 76817167, Aldo, 46, Perú
170, 618782665, Luz, 68, Perú
171, 395678454, Fabiana, 80, México
172, 159979144, Beatriz, 61, Perú
173, 861800520, Adrián, 64, México
174, 539097903, Lucía, 35, Perú
175, 571223758, Luz, 45, México
176, 741955651, Gustavo, 64, Perú
177, 346673941, Raúl, 64, México
178, 989005585, Dante, 53, Perú
179, 875921856, José, 65, Chile
180, 296039996, Armando, 31, Perú
181, 245413729, Gustavo, 76, Chile
182, 574679338, Alexis, 44, México
183, 776268924, Leticia, 57, México
184, 725878136, César, 61, Chile
185, 791208582, Jorge, 32, Perú
186, 679509529, Diego, 28, México
187, 378728209, Fernanda, 53, México
188, 944668859, Enrique, 18, Chile
189, 328645495, Arturo, 43, México
190, 310703456, Camila, 57, Perú
191, 702350489, Natalia, 71, México
192, 412082503, Fanny, 53, Perú
193, 879025746, Carolina, 40, México
194, 317337393, José, 42, México
195, 674980606, Pamela, 59, México
196, 861793918, Brenda, 28, México
197, 864794531, Celeste, 63, Perú
198, 130543670, Gabriela, 78, Perú
199, 254968572, Andrés, 71, México
200, 83922601, Osvaldo, 42, Perú
201, 341487852, Javier, 48, Perú
202, 986516830, José, 34, Perú
203, 705623099, Camila, 26, Perú
204, 81112989, Ivonne, 33, Perú
205, 843598221, Marco, 70, México
206, 84138219, María, 66, Chile
207, 503579123, Alexis, 30, Chile
208, 302129704, Patricio, 80, Chile
209, 443001667, Edith, 36, Chile
210, 730564380, Marisol, 66, Perú
211, 110380120, Alexis, 67, Chile
212, 583354512, Hernán, 37, México
213, 112817761, Fernanda, 19, México
214, 531664944, Andrés, 36, Perú
215, 162972597, Carolina, 35, Perú
216, 92578116, Fabiola, 36, México
217, 744486252, Julio, 56, México
218, 638377282, Nicolás, 68, México
219, 129435090, Osvaldo, 53, México
220, 238595418, Victoria, 22, Perú
221, 210840059, Melisa, 49, Chile
222, 967472782, Rolando, 37, Perú
223, 524798644, Mariana, 19, Perú
224, 969879862, Demetrio, 66, México
225, 871005632, Fernanda, 68, México
226, 103121246, Rafael, 46, Perú
227, 733954685, Enzo, 68, Chile
228, 698485047, Sergio, 57, México
229, 372158138, Elías, 49, Perú
230, 132353297, Paloma, 19, México
231, 772281710, Francisco, 64, Perú
232, 490045946, Diego, 57, Perú
233, 619564268, Ana, 31, Chile
234, 149986771, Sofía, 18, Chile
235, 458277718, Mariana, 42, Chile
236, 381304292, Mónica, 42, Chile
237, 964106703, Ana, 41, México
238, 246849647, Raúl, 52, Perú
239, 606165008, Gustavo, 50, Perú
240, 911284305, José, 80, México
241, 365837807, Rafaela, 20, Perú
242, 147481460, Rodrigo, 56, Chile
243, 519389578, Armando, 69, México
244, 530414848, Diego, 78, Chile
245, 662360523, Renato, 23, Perú
246, 330024935, Pamela, 69, Perú
247, 940964628, Lucila, 29, México
248, 583176284, Mireya, 22, Perú
249, 171848208, Daniella, 33, Chile
250, 883943823, Raquel, 65, Chile
251, 560763702, Graciela, 27, Chile
252, 198479458, Ernestina, 66, Perú
253, 399663290, Juan, 72, Chile
254, 319163181, Ingrid, 71, Perú
255, 172583769, Luz, 72, Perú
256, 140991944, Fermín, 64, México
257, 778169448, Raúl, 56, Chile
258, 46361394, Francisco, 60, Chile
259, 555752690, Ana, 55, Chile
260, 138149105, Rodrigo, 32, México
261, 623170998, Wilfredo, 58, Chile
262, 805071296, Esteban, 23, Perú
263, 359203627, Jorge, 27, Perú
264, 910179851, Óscar, 46, Perú
265, 799034166, Renato, 29, México
266, 965657451, Demetrio, 63, México
267, 135922685, Maritza, 65, México
268, 90386675, Esteban, 42, Chile
269, 104934714, Fanny, 36, Perú
270, 387014076, Gustavo, 35, Perú
271, 193878941, Francisco, 73, Perú
272, 649356960, Guillermo, 73, México
273, 838957319, Germán, 27, Perú
274, 609434920, Alfonso, 69, México
275, 392654999, Ana, 35, México
276, 533103177, Isabella, 25, Chile
277, 883357045, Juan, 23, Chile
278, 556906431, Rodrigo, 76, Perú
279, 765526615, José, 59, México
280, 72742412, Marisela, 65, Chile
281, 806050656, Angelina, 69, México
282, 262340335, Lorena, 34, Chile
283, 968950537, Marisol, 34, Perú
284, 458513672, Ivonne, 60, México
285, 614214754, Raúl, 34, Chile
286, 723517694, Micaela, 30, México
287, 223022882, Bárbara, 60, Chile
288, 190276755, Arturo, 64, México
289, 268760626, Francisco, 33, Perú
290, 860548345, César, 69, México
291, 375380088, Margarita, 39, Chile
292, 544341765, Juan, 47, México
293, 355093868, Rosalba, 43, Perú
294, 610597983, Camila, 57, Chile
295, 282400432, Juan, 69, Chile
296, 629235034, Verónica, 48, Chile
297, 572639584, Gabriel, 28, Chile
298, 667475052, Mauricio, 22, Chile
299, 343060091, Rodrigo, 49, México
300, 600461212, Sergio, 46, Chile
301, 311619351, Angelina, 74, Chile
302, 612965573, Julio, 43, México
303, 869447692, Wilfredo, 80, México
304, 363938415, Rodrigo, 28, México
305, 15922187, Daniella, 83, México
306, 316542673, Rafaela, 67, Chile
307, 485535806, Luciana, 55, México
308, 435704626, Isaac, 77, Chile
309, 268227549, José, 24, México
310, 110793783, David, 24, Perú
311, 944892124, Arturo, 62, Perú
312, 578044249, René, 87, Chile
313, 302908009, Edith, 76, Chile
314, 471023268, Patricio, 44, Perú
315, 793607604, Verónica, 56, Perú
316, 185836082, Rodrigo, 67, México
317, 88762610, Felipe, 46, Chile
318, 694938042, Juan, 26, Chile
319, 905118024, Jorge, 74, Chile
320, 215587866, Germán, 78, Chile
321, 647854438, Juan, 56, México
322, 548128712, Lourdes, 23, Perú
323, 296019737, Karen, 52, México
324, 935284000, Jorge, 19, Chile
325, 325615354, Yolanda, 63, Chile
326, 423507810, Maritza, 21, Perú
327, 746789202, María, 62, Perú
328, 804011329, Paola, 57, Perú
329, 448181141, Gabriela, 73, Perú
330, 191069959, Paola, 66, Chile
331, 59473613, Catalina, 66, México
332, 357729163, Daniela, 42, Perú
333, 870708929, Miguel, 21, Chile
334, 454089045, Carlos, 27, Perú
335, 925062541, Claudia, 20, México
336, 560033653, Agustín, 59, Perú
337, 627315840, Leonardo, 79, México
338, 335230932, Ignacio, 67, Perú
339, 227725607, Yolanda, 40, Perú
340, 261224066, Mateo, 77, México
341, 163582905, Mauricio, 78, Chile
342, 726639589, Ramiro, 51, México
343, 323495670, Tomás, 45, Perú
344, 183526231, Ana, 35, México
345, 973334105, Ana, 72, Perú
346, 44813565, Andrés, 58, México
347, 232511479, Enrique, 29, México
348, 424260770, Gustavo, 73, México
349, 106929221, Mireya, 24, Chile
350, 737767158, Diana, 76, Chile
351, 696237819, Javier, 60, Chile
352, 518351840, Lidia, 70, Chile
353, 567170331, Mariana, 65, México
354, 389094266, Aitana, 81, Chile
355, 479577498, Lucila, 77, Chile
356, 833586279, Enzo, 37, Perú
357, 520920866, José, 30, Chile
358, 184799118, Julio, 65, Perú
359, 967802845, Fernanda, 22, Perú
360, 74489978, Edith, 32, Perú
361, 481998291, Rosa, 91, México
362, 230818529, Adrián, 46, Perú
363, 732482557, Lourdes, 33, México
364, 936301124, Diego, 54, Chile
365, 467977124, Manuel, 22, México
366, 105019207, Wilfredo, 55, México
367, 311254858, Paloma, 36, México
368, 17622321, Miriam, 65, Chile
369, 920575052, Natalia, 20, Perú
370, 312600439, Isabel, 42, Perú
371, 85068096, Sofía, 32, Perú
372, 124603116, Tomás, 18, Perú
373, 268629986, Miriam, 64, Chile
374, 342671595, Ana, 57, Chile
375, 906403870, Carolina, 46, Perú
376, 723817757, Guillermo, 51, Chile
377, 445890113, Gustavo, 50, México
378, 455238383, Luciana, 79, México
379, 661906120, Verónica, 74, Perú
380, 737142066, Roberto, 80, Perú
381, 537874194, Victoria, 60, México
382, 984235534, Claudia, 23, México
383, 483288955, Luciana, 35, México
384, 338258455, Daniel, 22, México
385, 535454209, Mariana, 15, México
386, 414278150, Andrés, 36, Chile
387, 993715651, Ismael, 25, México
388, 528523186, Claudia, 56, México
389, 242779634, Melisa, 77, México
390, 276878633, Francisco, 18, Chile
391, 758381853, Sofía, 56, Perú
392, 768730189, Diego, 28, México
393, 424541984, José, 65, Chile
394, 375798402, Juan, 75, México
395, 718867829, Samuel, 84, México
396, 182773555, José, 80, Perú
397, 892559029, Ana, 34, Chile
398, 508439507, Micaela, 41, Chile
399, 792743940, Fanny, 30, México
400, 358024615, Camila, 66, México
401, 467739248, Ignacia, 71, Perú
402, 839059489, Loreto, 69, Chile
403, 407177721, Agustín, 69, México
404, 145177742, Lourdes, 52, Perú
405, 344931887, María, 58, Chile
406, 404459736, Francisco, 3, Chile
407, 805747353, Amanda, 62, Perú
408, 529295995, Francisco, 68, Chile
409, 442299994, Enzo, 47, México
410, 714206771, Laura, 40, Perú
411, 807030690, Daniela, 34, México
412, 319718573, Rocío, 63, Perú
413, 903228866, Rosa, 68, México
414, 345840976, Fabiana, 36, Chile
415, 139371904, Gabriela, 73, Perú
416, 638492164, Diana, 37, México
417, 778997357, Joaquín, 52, Chile
418, 290173177, Luciana, 18, Perú
419, 547875808, Mónica, 35, Perú
420, 470362719, Paloma, 66, México
421, 889441859, Sofía, 77, Chile
422, 19886700, Javier, 37, México
423, 849449584, Miguel, 73, Perú
424, 927833419, Fermín, 38, Perú
425, 504703347, Margarita, 67, México
426, 265611844, Victoria, 38, Perú
427, 494259624, Álvaro, 66, Perú
428, 387537099, Claudia, 56, Chile
429, 796605474, José, 24, México
430, 183728032, Wilfredo, 21, Perú
431, 739898077, Ernesto, 44, Chile
432, 258927359, Gonzalo, 19, Perú
433, 405319026, Luciana, 69, Chile
434, 324451434, Isabel, 75, Perú
435, 993352874, Amanda, 18, Chile
436, 57538105, Ana, 53, Chile
437, 586204891, Francisco, 75, México
438, 339403831, Arturo, 32, México
439, 625876127, Diego, 43, México
440, 754014143, Sergio, 65, Chile
441, 714374354, Brenda, 74, Chile
442, 926144647, Luz, 79, Perú
443, 242085838, Gonzalo, 56, Perú
444, 605502987, César, 53, Chile
445, 416349663, Carlos, 27, Chile
446, 465706640, Karina, 74, México
447, 247821918, Nélida, 78, Chile
448, 201255393, Margarita, 73, Chile
449, 676288246, Sonia, 18, Perú
450, 263164318, Hernán, 59, México
451, 171019965, Margarita, 72, México
452, 606735671, Víctor, 24, Perú
453, 186580965, Ingrid, 70, Perú
454, 777335179, Julio, 58, Perú
455, 252538771, Marisol, 58, Chile
456, 560535413, Luciana, 79, Perú
457, 876383887, Alejandra, 79, México
458, 925045646, Luisa, 61, Chile
459, 284047987, Octavio, 55, México
460, 357197881, Demetrio, 19, Perú
461, 191524532, Susana, 56, Chile
462, 287548699, José, 53, Chile
463, 384873420, Luis, 63, Chile
464, 624498612, Fabiana, 19, Perú
465, 845826085, Lucila, 32, México
466, 207534551, Milagros, 63, Chile
467, 354785211, Juan, 76, Chile
468, 13158757, Paola, 73, México
469, 711604122, María, 74, México
470, 488009306, Nilda, 79, Chile
471, 962026271, Gustavo, 52, México
472, 250964645, Francisco, 23, Perú
473, 356274821, Aitana, 68, Perú
474, 472975771, Isidora, 29, Perú
475, 147965259, Constanza, 28, México
476, 122769212, Miriam, 19, México
477, 577224393, Leticia, 70, Perú
478, 9933125, Felipe, 47, Chile
479, 862141675, David, 39, Chile
480, 831572116, Sofía, 22, Perú
481, 585482320, Enrique, 72, México
482, 912114625, Néstor, 23, México
483, 350931060, Lucía, 66, Perú
484, 728542475, Raquel, 59, Chile
485, 925180904, Luis, 41, Perú
486, 443257491, Verónica, 74, México
487, 634081606, Demetrio, 57, Chile
488, 572098658, Aldo, 76, Chile
489, 970883838, Sonia, 48, Perú
490, 798668830, Alexandra, 51, México
491, 546770527, Mariana, 74, México
492, 91738040, Monserrat, 77, Perú
493, 509506445, Raquel, 39, Chile
494, 514182289, Julio, 36, Chile
495, 200786235, David, 36, Perú
496, 390400667, Tatiana, 85, Chile
497, 956347328, Natalia, 57, Perú
498, 983801608, Nicolás, 69, Chile
499, 287279248, Maritza, 34, Chile
500, 754152935, Miguel, 79, Perú
501, 310922497, Valeria, 35, México
502, 510429547, Renato, 73, México
503, 425602719, Luis, 59, México
504, 28531213, Maritza, 77, México
505, 837578607, Celeste, 66, Perú
506, 550616006, Roberto, 73, México
507, 177764395, Miguel, 75, Chile
508, 295430492, Víctor, 20, México
509, 511593544, Agustín, 48, Perú
510, 132557100, Laura, 63, Perú
511, 826833857, Adriana, 22, México
512, 241536911, Raúl, 53, México
513, 886477169, Lucía, 76, Perú
514, 923215378, Julio, 60, México
515, 41771513, Camila, 80, Chile
516, 82097240, Carolina, 66, Perú
517, 268045819, Joaquín, 25, Chile
518, 137768166, Carolina, 63, México
519, 647378558, Gabriel, 43, Perú
520, 197811020, José, 66, México
521, 970423494, Daniela, 35, Perú
522, 740861454, Fabián, 78, Chile
523, 882567315, María, 77, Chile
524, 784621132, Natalia, 24, Perú
525, 832287782, Osvaldo, 67, México
526, 234367730, Consuelo, 60, Perú
527, 106748812, Andrea, 48, Perú
528, 75320827, Antonia, 53, Chile
529, 672885441, Francisco, 65, Chile
530, 929686389, Claudia, 32, Chile
531, 306370854, Elizabeth, 75, Perú
532, 825798160, Luisa, 76, México
533, 207964654, Eduardo, 70, Chile
534, 832365671, Guillermo, 66, Chile
535, 452030399, Valentina, 80, Perú
536, 310519860, Mauricio, 55, Perú
537, 479218961, Miriam, 65, México
538, 218086580, Ana, 32, México
539, 771916349, Yolanda, 26, Chile
540, 708286053, Margarita, 68, Perú
541, 84463946, Jorge, 57, Perú
542, 901720550, José, 23, México
543, 739723526, Roberto, 29, Perú
544, 176196753, Emilio, 89, Perú
545, 46798980, Gabriela, 57, México
546, 351174064, Tomás, 22, México
547, 263112202, Néstor, 59, México
548, 227191037, Alexis, 47, Chile
549, 877201869, Fernanda, 46, México
550, 233794299, Adriana, 77, Perú
551, 727646040, Antonia, 23, México
552, 910484510, Roberto, 56, México
553, 346134210, Margarita, 35, Perú
554, 426939561, Daniela, 33, México
555, 926089857, Lucila, 46, Chile
556, 127573298, Milagros, 78, Chile
557, 960437432, Samuel, 22, México
558, 746211005, Emiliano, 73, México
559, 487568517, Carolina, 41, Chile
560, 518845618, Diego, 29, Chile
561, 619643868, Joaquín, 34, Chile
562, 289780721, Delia, 79, Chile
563, 837147078, Emilio, 54, México
564, 869365182, Emilia, 36, Chile
565, 634521600, Camila, 56, México
566, 148194348, Lucero, 5, Chile
567, 72878715, Edith, 72, Chile
568, 130816077, Lorena, 70, Chile
569, 56051653, Susana, 31, Chile
570, 303785724, Valeria, 24, Chile
